{"cameraMode":{"drawMode":0,"name":"Shaded","section":"Shading Mode"},"sceneLighting":true,"audioPlay":false,"sceneViewState":{"showFog":true,"showMaterialUpdate":false,"showSkybox":true,"showFlares":true,"showImageEffects":true,"showParticleSystems":true},"in2DMode":false,"pivot":{"x":-0.01307898759841919,"y":1.6934936046600342,"z":2.5057120323181154},"rotation":{"x":-0.06391097605228424,"y":0.9074270725250244,"z":-0.14970067143440247,"w":-0.3874032199382782},"size":2.3330955505371095,"orthographic":true}